<?xml version="1.0" encoding="UTF-8"?>
<export version="E">
  <design>
    <source>C:\Users\justi\Documents\Hardware Projects\stm32mc\stm32mc.kicad_sch</source>
    <date>3/8/2024 4:42:26 PM</date>
    <tool>Eeschema 7.0.9</tool>
    <sheet number="1" name="/" tstamps="/">
      <title_block>
        <title>STM32 Protorico</title>
        <company>Justerico Industries</company>
        <rev>A</rev>
        <date>03/04/2024</date>
        <source>stm32mc.kicad_sch</source>
        <comment number="1" value=""/>
        <comment number="2" value=""/>
        <comment number="3" value=""/>
        <comment number="4" value=""/>
        <comment number="5" value=""/>
        <comment number="6" value=""/>
        <comment number="7" value=""/>
        <comment number="8" value=""/>
        <comment number="9" value=""/>
      </title_block>
    </sheet>
  </design>
  <components>
    <comp ref="C1">
      <value>4u7</value>
      <footprint>Capacitor_SMD:C_0603_1608Metric</footprint>
      <fields>
        <field name="Distributer Link">https://www.mouser.com/ProductDetail/KYOCERA-AVX/0603YD475MAT2A?qs=XLNwXgtzMM9JmbhKJE1Phg%3D%3D</field>
        <field name="Manufacturer">KYOCERA AVX</field>
        <field name="Manufacturer Part Number">0603YD475MAT2A</field>
      </fields>
      <libsource lib="Device" part="C" description="Unpolarized capacitor"/>
      <property name="Distributer Link" value="https://www.mouser.com/ProductDetail/KYOCERA-AVX/0603YD475MAT2A?qs=XLNwXgtzMM9JmbhKJE1Phg%3D%3D"/>
      <property name="Manufacturer" value="KYOCERA AVX"/>
      <property name="Manufacturer Part Number" value="0603YD475MAT2A"/>
      <property name="Sheetname" value=""/>
      <property name="Sheetfile" value="stm32mc.kicad_sch"/>
      <property name="ki_description" value="Unpolarized capacitor"/>
      <property name="ki_keywords" value="cap capacitor"/>
      <sheetpath names="/" tstamps="/"/>
      <tstamps>7ca3c053-7af6-4855-b708-03ceaf6bf56c</tstamps>
    </comp>
    <comp ref="C2">
      <value>4u7</value>
      <footprint>Capacitor_SMD:C_0603_1608Metric</footprint>
      <fields>
        <field name="Distributer Link">https://www.mouser.com/ProductDetail/KYOCERA-AVX/0603YD475MAT2A?qs=XLNwXgtzMM9JmbhKJE1Phg%3D%3D</field>
        <field name="Manufacturer">KYOCERA AVX</field>
        <field name="Manufacturer Part Number">0603YD475MAT2A</field>
      </fields>
      <libsource lib="Device" part="C" description="Unpolarized capacitor"/>
      <property name="Distributer Link" value="https://www.mouser.com/ProductDetail/KYOCERA-AVX/0603YD475MAT2A?qs=XLNwXgtzMM9JmbhKJE1Phg%3D%3D"/>
      <property name="Manufacturer" value="KYOCERA AVX"/>
      <property name="Manufacturer Part Number" value="0603YD475MAT2A"/>
      <property name="Sheetname" value=""/>
      <property name="Sheetfile" value="stm32mc.kicad_sch"/>
      <property name="ki_description" value="Unpolarized capacitor"/>
      <property name="ki_keywords" value="cap capacitor"/>
      <sheetpath names="/" tstamps="/"/>
      <tstamps>771b0171-65f6-4c38-a265-ef90cabae961</tstamps>
    </comp>
    <comp ref="C3">
      <value>4u7</value>
      <footprint>Capacitor_SMD:C_0603_1608Metric</footprint>
      <fields>
        <field name="Distributer Link">https://www.mouser.com/ProductDetail/KYOCERA-AVX/0603YD475MAT2A?qs=XLNwXgtzMM9JmbhKJE1Phg%3D%3D</field>
        <field name="Manufacturer">KYOCERA AVX</field>
        <field name="Manufacturer Part Number">0603YD475MAT2A</field>
      </fields>
      <libsource lib="Device" part="C" description="Unpolarized capacitor"/>
      <property name="Distributer Link" value="https://www.mouser.com/ProductDetail/KYOCERA-AVX/0603YD475MAT2A?qs=XLNwXgtzMM9JmbhKJE1Phg%3D%3D"/>
      <property name="Manufacturer" value="KYOCERA AVX"/>
      <property name="Manufacturer Part Number" value="0603YD475MAT2A"/>
      <property name="Sheetname" value=""/>
      <property name="Sheetfile" value="stm32mc.kicad_sch"/>
      <property name="ki_description" value="Unpolarized capacitor"/>
      <property name="ki_keywords" value="cap capacitor"/>
      <sheetpath names="/" tstamps="/"/>
      <tstamps>626a418b-880a-466d-8c6a-588758567f9a</tstamps>
    </comp>
    <comp ref="C4">
      <value>100n</value>
      <footprint>Capacitor_SMD:C_0402_1005Metric</footprint>
      <fields>
        <field name="Distributer Link">https://www.mouser.com/ProductDetail/KYOCERA-AVX/04023C104KAT2A?qs=nNezP%252BoerbAsgsxxIAjFOw%3D%3D</field>
        <field name="Manufacturer">KYOCERA AVX</field>
        <field name="Manufacturer Part Number">04023C104KAT2A</field>
      </fields>
      <libsource lib="Device" part="C" description="Unpolarized capacitor"/>
      <property name="Distributer Link" value="https://www.mouser.com/ProductDetail/KYOCERA-AVX/04023C104KAT2A?qs=nNezP%252BoerbAsgsxxIAjFOw%3D%3D"/>
      <property name="Manufacturer" value="KYOCERA AVX"/>
      <property name="Manufacturer Part Number" value="04023C104KAT2A"/>
      <property name="Sheetname" value=""/>
      <property name="Sheetfile" value="stm32mc.kicad_sch"/>
      <property name="ki_description" value="Unpolarized capacitor"/>
      <property name="ki_keywords" value="cap capacitor"/>
      <sheetpath names="/" tstamps="/"/>
      <tstamps>d0165b23-9677-43ed-b7fb-7829c44cd539</tstamps>
    </comp>
    <comp ref="C5">
      <value>100n</value>
      <footprint>Capacitor_SMD:C_0402_1005Metric</footprint>
      <fields>
        <field name="Distributer Link">https://www.mouser.com/ProductDetail/KYOCERA-AVX/04023C104KAT2A?qs=nNezP%252BoerbAsgsxxIAjFOw%3D%3D</field>
        <field name="Manufacturer">KYOCERA AVX</field>
        <field name="Manufacturer Part Number">04023C104KAT2A</field>
      </fields>
      <libsource lib="Device" part="C" description="Unpolarized capacitor"/>
      <property name="Distributer Link" value="https://www.mouser.com/ProductDetail/KYOCERA-AVX/04023C104KAT2A?qs=nNezP%252BoerbAsgsxxIAjFOw%3D%3D"/>
      <property name="Manufacturer" value="KYOCERA AVX"/>
      <property name="Manufacturer Part Number" value="04023C104KAT2A"/>
      <property name="Sheetname" value=""/>
      <property name="Sheetfile" value="stm32mc.kicad_sch"/>
      <property name="ki_description" value="Unpolarized capacitor"/>
      <property name="ki_keywords" value="cap capacitor"/>
      <sheetpath names="/" tstamps="/"/>
      <tstamps>3df929a4-d97d-433b-89bc-4994ff327c75</tstamps>
    </comp>
    <comp ref="C6">
      <value>100n</value>
      <footprint>Capacitor_SMD:C_0402_1005Metric</footprint>
      <fields>
        <field name="Distributer Link">https://www.mouser.com/ProductDetail/KYOCERA-AVX/04023C104KAT2A?qs=nNezP%252BoerbAsgsxxIAjFOw%3D%3D</field>
        <field name="Manufacturer">KYOCERA AVX</field>
        <field name="Manufacturer Part Number">04023C104KAT2A</field>
      </fields>
      <libsource lib="Device" part="C" description="Unpolarized capacitor"/>
      <property name="Distributer Link" value="https://www.mouser.com/ProductDetail/KYOCERA-AVX/04023C104KAT2A?qs=nNezP%252BoerbAsgsxxIAjFOw%3D%3D"/>
      <property name="Manufacturer" value="KYOCERA AVX"/>
      <property name="Manufacturer Part Number" value="04023C104KAT2A"/>
      <property name="Sheetname" value=""/>
      <property name="Sheetfile" value="stm32mc.kicad_sch"/>
      <property name="ki_description" value="Unpolarized capacitor"/>
      <property name="ki_keywords" value="cap capacitor"/>
      <sheetpath names="/" tstamps="/"/>
      <tstamps>897d3af2-8681-4cbb-b0d2-d9d86d3b9869</tstamps>
    </comp>
    <comp ref="C7">
      <value>100n</value>
      <footprint>Capacitor_SMD:C_0402_1005Metric</footprint>
      <fields>
        <field name="Distributer Link">https://www.mouser.com/ProductDetail/KYOCERA-AVX/04023C104KAT2A?qs=nNezP%252BoerbAsgsxxIAjFOw%3D%3D</field>
        <field name="Manufacturer">KYOCERA AVX</field>
        <field name="Manufacturer Part Number">04023C104KAT2A</field>
      </fields>
      <libsource lib="Device" part="C" description="Unpolarized capacitor"/>
      <property name="Distributer Link" value="https://www.mouser.com/ProductDetail/KYOCERA-AVX/04023C104KAT2A?qs=nNezP%252BoerbAsgsxxIAjFOw%3D%3D"/>
      <property name="Manufacturer" value="KYOCERA AVX"/>
      <property name="Manufacturer Part Number" value="04023C104KAT2A"/>
      <property name="Sheetname" value=""/>
      <property name="Sheetfile" value="stm32mc.kicad_sch"/>
      <property name="ki_description" value="Unpolarized capacitor"/>
      <property name="ki_keywords" value="cap capacitor"/>
      <sheetpath names="/" tstamps="/"/>
      <tstamps>7479e1b8-c4e2-4b3f-8ea1-e4c87ca785bc</tstamps>
    </comp>
    <comp ref="C8">
      <value>100n</value>
      <footprint>Capacitor_SMD:C_0402_1005Metric</footprint>
      <fields>
        <field name="Distributer Link">https://www.mouser.com/ProductDetail/KYOCERA-AVX/04023C104KAT2A?qs=nNezP%252BoerbAsgsxxIAjFOw%3D%3D</field>
        <field name="Manufacturer">KYOCERA AVX</field>
        <field name="Manufacturer Part Number">04023C104KAT2A</field>
      </fields>
      <libsource lib="Device" part="C" description="Unpolarized capacitor"/>
      <property name="Distributer Link" value="https://www.mouser.com/ProductDetail/KYOCERA-AVX/04023C104KAT2A?qs=nNezP%252BoerbAsgsxxIAjFOw%3D%3D"/>
      <property name="Manufacturer" value="KYOCERA AVX"/>
      <property name="Manufacturer Part Number" value="04023C104KAT2A"/>
      <property name="Sheetname" value=""/>
      <property name="Sheetfile" value="stm32mc.kicad_sch"/>
      <property name="ki_description" value="Unpolarized capacitor"/>
      <property name="ki_keywords" value="cap capacitor"/>
      <sheetpath names="/" tstamps="/"/>
      <tstamps>385cc4b0-e990-4c85-bfb5-38b9dfcf769a</tstamps>
    </comp>
    <comp ref="C9">
      <value>100n</value>
      <footprint>Capacitor_SMD:C_0402_1005Metric</footprint>
      <fields>
        <field name="Distributer Link">https://www.mouser.com/ProductDetail/KYOCERA-AVX/04023C104KAT2A?qs=nNezP%252BoerbAsgsxxIAjFOw%3D%3D</field>
        <field name="Manufacturer">KYOCERA AVX</field>
        <field name="Manufacturer Part Number">04023C104KAT2A</field>
      </fields>
      <libsource lib="Device" part="C" description="Unpolarized capacitor"/>
      <property name="Distributer Link" value="https://www.mouser.com/ProductDetail/KYOCERA-AVX/04023C104KAT2A?qs=nNezP%252BoerbAsgsxxIAjFOw%3D%3D"/>
      <property name="Manufacturer" value="KYOCERA AVX"/>
      <property name="Manufacturer Part Number" value="04023C104KAT2A"/>
      <property name="Sheetname" value=""/>
      <property name="Sheetfile" value="stm32mc.kicad_sch"/>
      <property name="ki_description" value="Unpolarized capacitor"/>
      <property name="ki_keywords" value="cap capacitor"/>
      <sheetpath names="/" tstamps="/"/>
      <tstamps>7f0c3bf0-048f-47c9-9497-cf294d1fb4b1</tstamps>
    </comp>
    <comp ref="C10">
      <value>4u7</value>
      <footprint>Capacitor_SMD:C_0603_1608Metric</footprint>
      <fields>
        <field name="Distributer Link">https://www.mouser.com/ProductDetail/KYOCERA-AVX/0603YD475MAT2A?qs=XLNwXgtzMM9JmbhKJE1Phg%3D%3D</field>
        <field name="Manufacturer">KYOCERA AVX</field>
        <field name="Manufacturer Part Number">0603YD475MAT2A</field>
      </fields>
      <libsource lib="Device" part="C" description="Unpolarized capacitor"/>
      <property name="Distributer Link" value="https://www.mouser.com/ProductDetail/KYOCERA-AVX/0603YD475MAT2A?qs=XLNwXgtzMM9JmbhKJE1Phg%3D%3D"/>
      <property name="Manufacturer" value="KYOCERA AVX"/>
      <property name="Manufacturer Part Number" value="0603YD475MAT2A"/>
      <property name="Sheetname" value=""/>
      <property name="Sheetfile" value="stm32mc.kicad_sch"/>
      <property name="ki_description" value="Unpolarized capacitor"/>
      <property name="ki_keywords" value="cap capacitor"/>
      <sheetpath names="/" tstamps="/"/>
      <tstamps>08aafd8c-8583-4d57-8225-43f35139658d</tstamps>
    </comp>
    <comp ref="C11">
      <value>100n</value>
      <footprint>Capacitor_SMD:C_0402_1005Metric</footprint>
      <fields>
        <field name="Distributer Link">https://www.mouser.com/ProductDetail/KYOCERA-AVX/04023C104KAT2A?qs=nNezP%252BoerbAsgsxxIAjFOw%3D%3D</field>
        <field name="Manufacturer">KYOCERA AVX</field>
        <field name="Manufacturer Part Number">04023C104KAT2A</field>
      </fields>
      <libsource lib="Device" part="C" description="Unpolarized capacitor"/>
      <property name="Distributer Link" value="https://www.mouser.com/ProductDetail/KYOCERA-AVX/04023C104KAT2A?qs=nNezP%252BoerbAsgsxxIAjFOw%3D%3D"/>
      <property name="Manufacturer" value="KYOCERA AVX"/>
      <property name="Manufacturer Part Number" value="04023C104KAT2A"/>
      <property name="Sheetname" value=""/>
      <property name="Sheetfile" value="stm32mc.kicad_sch"/>
      <property name="ki_description" value="Unpolarized capacitor"/>
      <property name="ki_keywords" value="cap capacitor"/>
      <sheetpath names="/" tstamps="/"/>
      <tstamps>f9e9672d-e418-46e9-a581-b37558731ac0</tstamps>
    </comp>
    <comp ref="C12">
      <value>100n</value>
      <footprint>Capacitor_SMD:C_0402_1005Metric</footprint>
      <fields>
        <field name="Distributer Link">https://www.mouser.com/ProductDetail/KYOCERA-AVX/04023C104KAT2A?qs=nNezP%252BoerbAsgsxxIAjFOw%3D%3D</field>
        <field name="Manufacturer">KYOCERA AVX</field>
        <field name="Manufacturer Part Number">04023C104KAT2A</field>
      </fields>
      <libsource lib="Device" part="C" description="Unpolarized capacitor"/>
      <property name="Distributer Link" value="https://www.mouser.com/ProductDetail/KYOCERA-AVX/04023C104KAT2A?qs=nNezP%252BoerbAsgsxxIAjFOw%3D%3D"/>
      <property name="Manufacturer" value="KYOCERA AVX"/>
      <property name="Manufacturer Part Number" value="04023C104KAT2A"/>
      <property name="Sheetname" value=""/>
      <property name="Sheetfile" value="stm32mc.kicad_sch"/>
      <property name="ki_description" value="Unpolarized capacitor"/>
      <property name="ki_keywords" value="cap capacitor"/>
      <sheetpath names="/" tstamps="/"/>
      <tstamps>ffd2bc5d-cac7-4cad-bf46-d8c2ebe7d798</tstamps>
    </comp>
    <comp ref="C13">
      <value>100n</value>
      <footprint>Capacitor_SMD:C_0402_1005Metric</footprint>
      <fields>
        <field name="Distributer Link">https://www.mouser.com/ProductDetail/KYOCERA-AVX/04023C104KAT2A?qs=nNezP%252BoerbAsgsxxIAjFOw%3D%3D</field>
        <field name="Manufacturer">KYOCERA AVX</field>
        <field name="Manufacturer Part Number">04023C104KAT2A</field>
      </fields>
      <libsource lib="Device" part="C" description="Unpolarized capacitor"/>
      <property name="Distributer Link" value="https://www.mouser.com/ProductDetail/KYOCERA-AVX/04023C104KAT2A?qs=nNezP%252BoerbAsgsxxIAjFOw%3D%3D"/>
      <property name="Manufacturer" value="KYOCERA AVX"/>
      <property name="Manufacturer Part Number" value="04023C104KAT2A"/>
      <property name="Sheetname" value=""/>
      <property name="Sheetfile" value="stm32mc.kicad_sch"/>
      <property name="ki_description" value="Unpolarized capacitor"/>
      <property name="ki_keywords" value="cap capacitor"/>
      <sheetpath names="/" tstamps="/"/>
      <tstamps>5f78bf68-fde4-48c7-9269-1ed0ea023dd4</tstamps>
    </comp>
    <comp ref="C14">
      <value>4u7</value>
      <footprint>Capacitor_SMD:C_0603_1608Metric</footprint>
      <fields>
        <field name="Distributer Link">https://www.mouser.com/ProductDetail/KYOCERA-AVX/0603YD475MAT2A?qs=XLNwXgtzMM9JmbhKJE1Phg%3D%3D</field>
        <field name="Manufacturer">KYOCERA AVX</field>
        <field name="Manufacturer Part Number">0603YD475MAT2A</field>
      </fields>
      <libsource lib="Device" part="C" description="Unpolarized capacitor"/>
      <property name="Distributer Link" value="https://www.mouser.com/ProductDetail/KYOCERA-AVX/0603YD475MAT2A?qs=XLNwXgtzMM9JmbhKJE1Phg%3D%3D"/>
      <property name="Manufacturer" value="KYOCERA AVX"/>
      <property name="Manufacturer Part Number" value="0603YD475MAT2A"/>
      <property name="Sheetname" value=""/>
      <property name="Sheetfile" value="stm32mc.kicad_sch"/>
      <property name="ki_description" value="Unpolarized capacitor"/>
      <property name="ki_keywords" value="cap capacitor"/>
      <sheetpath names="/" tstamps="/"/>
      <tstamps>660a5e11-0cc1-414c-8585-78ed83f7adb7</tstamps>
    </comp>
    <comp ref="C15">
      <value>0p8</value>
      <footprint>Capacitor_SMD:C_0402_1005Metric</footprint>
      <fields>
        <field name="Distributer Link">https://www.mouser.com/ProductDetail/Murata-Electronics/GRM1555C1HR80BA01D?qs=e%252BE4OD6MgMezPYPintwvrA%3D%3D</field>
        <field name="Manufacturer">Murata Electronics</field>
        <field name="Manufacturer Part Number">GRM1555C1HR80BA01D</field>
      </fields>
      <libsource lib="Device" part="C" description="Unpolarized capacitor"/>
      <property name="Distributer Link" value="https://www.mouser.com/ProductDetail/Murata-Electronics/GRM1555C1HR80BA01D?qs=e%252BE4OD6MgMezPYPintwvrA%3D%3D"/>
      <property name="Manufacturer" value="Murata Electronics"/>
      <property name="Manufacturer Part Number" value="GRM1555C1HR80BA01D"/>
      <property name="Sheetname" value=""/>
      <property name="Sheetfile" value="stm32mc.kicad_sch"/>
      <property name="ki_description" value="Unpolarized capacitor"/>
      <property name="ki_keywords" value="cap capacitor"/>
      <sheetpath names="/" tstamps="/"/>
      <tstamps>35e531ed-1736-40fc-a3ca-1f6c596a1501</tstamps>
    </comp>
    <comp ref="C16">
      <value>0p3</value>
      <footprint>Capacitor_SMD:C_0402_1005Metric</footprint>
      <fields>
        <field name="Distributer Link">https://www.mouser.com/ProductDetail/Murata-Electronics/GRM1555C1HR30WA01D?qs=e%252BE4OD6MgMcS%252BbE0ktTutg%3D%3D</field>
        <field name="Manufacturer">Murata Electronics</field>
        <field name="Manufacturer Part Number">GRM1555C1HR30WA01D</field>
      </fields>
      <libsource lib="Device" part="C" description="Unpolarized capacitor"/>
      <property name="Distributer Link" value="https://www.mouser.com/ProductDetail/Murata-Electronics/GRM1555C1HR30WA01D?qs=e%252BE4OD6MgMcS%252BbE0ktTutg%3D%3D"/>
      <property name="Manufacturer" value="Murata Electronics"/>
      <property name="Manufacturer Part Number" value="GRM1555C1HR30WA01D"/>
      <property name="Sheetname" value=""/>
      <property name="Sheetfile" value="stm32mc.kicad_sch"/>
      <property name="ki_description" value="Unpolarized capacitor"/>
      <property name="ki_keywords" value="cap capacitor"/>
      <sheetpath names="/" tstamps="/"/>
      <tstamps>90b2b46e-9609-4069-9743-0691b6b99ea3</tstamps>
    </comp>
    <comp ref="C17">
      <value>10p</value>
      <footprint>Capacitor_SMD:C_0402_1005Metric</footprint>
      <fields>
        <field name="Distributer Link">https://www.mouser.com/ProductDetail/KYOCERA-AVX/04025A100JAT4A?qs=ZwvTZoB9SO9xQJ735IqqZg%3D%3D</field>
        <field name="Manufacturer">KYOCERA AVX</field>
        <field name="Manufacturer Part Number">04025A100JAT4A</field>
      </fields>
      <libsource lib="Device" part="C" description="Unpolarized capacitor"/>
      <property name="Distributer Link" value="https://www.mouser.com/ProductDetail/KYOCERA-AVX/04025A100JAT4A?qs=ZwvTZoB9SO9xQJ735IqqZg%3D%3D"/>
      <property name="Manufacturer" value="KYOCERA AVX"/>
      <property name="Manufacturer Part Number" value="04025A100JAT4A"/>
      <property name="Sheetname" value=""/>
      <property name="Sheetfile" value="stm32mc.kicad_sch"/>
      <property name="ki_description" value="Unpolarized capacitor"/>
      <property name="ki_keywords" value="cap capacitor"/>
      <sheetpath names="/" tstamps="/"/>
      <tstamps>f4866843-9030-4526-b534-8e5f06799367</tstamps>
    </comp>
    <comp ref="C18">
      <value>10p</value>
      <footprint>Capacitor_SMD:C_0402_1005Metric</footprint>
      <fields>
        <field name="Distributer Link">https://www.mouser.com/ProductDetail/KYOCERA-AVX/04025A100JAT4A?qs=ZwvTZoB9SO9xQJ735IqqZg%3D%3D</field>
        <field name="Manufacturer">KYOCERA AVX</field>
        <field name="Manufacturer Part Number">04025A100JAT4A</field>
      </fields>
      <libsource lib="Device" part="C" description="Unpolarized capacitor"/>
      <property name="Distributer Link" value="https://www.mouser.com/ProductDetail/KYOCERA-AVX/04025A100JAT4A?qs=ZwvTZoB9SO9xQJ735IqqZg%3D%3D"/>
      <property name="Manufacturer" value="KYOCERA AVX"/>
      <property name="Manufacturer Part Number" value="04025A100JAT4A"/>
      <property name="Sheetname" value=""/>
      <property name="Sheetfile" value="stm32mc.kicad_sch"/>
      <property name="ki_description" value="Unpolarized capacitor"/>
      <property name="ki_keywords" value="cap capacitor"/>
      <sheetpath names="/" tstamps="/"/>
      <tstamps>018a3b04-3a1e-458c-ab30-f9cc01bc7455</tstamps>
    </comp>
    <comp ref="C19">
      <value>100n</value>
      <footprint>Capacitor_SMD:C_0402_1005Metric</footprint>
      <fields>
        <field name="Distributer Link">https://www.mouser.com/ProductDetail/KYOCERA-AVX/04023C104KAT2A?qs=nNezP%252BoerbAsgsxxIAjFOw%3D%3D</field>
        <field name="Manufacturer">KYOCERA AVX</field>
        <field name="Manufacturer Part Number">04023C104KAT2A</field>
      </fields>
      <libsource lib="Device" part="C" description="Unpolarized capacitor"/>
      <property name="Distributer Link" value="https://www.mouser.com/ProductDetail/KYOCERA-AVX/04023C104KAT2A?qs=nNezP%252BoerbAsgsxxIAjFOw%3D%3D"/>
      <property name="Manufacturer" value="KYOCERA AVX"/>
      <property name="Manufacturer Part Number" value="04023C104KAT2A"/>
      <property name="Sheetname" value=""/>
      <property name="Sheetfile" value="stm32mc.kicad_sch"/>
      <property name="ki_description" value="Unpolarized capacitor"/>
      <property name="ki_keywords" value="cap capacitor"/>
      <sheetpath names="/" tstamps="/"/>
      <tstamps>d55bd92f-70ff-4be9-804b-62e66484de1b</tstamps>
    </comp>
    <comp ref="D1">
      <value>LED</value>
      <footprint>LED_SMD:LED_0402_1005Metric</footprint>
      <fields>
        <field name="Distributer Link">https://www.mouser.com/ProductDetail/Wurth-Elektronik/150040RS73240?qs=8Aam6%252B7C6HGMiInmnlrBiw%3D%3D</field>
        <field name="Manufacturer">Wurth</field>
        <field name="Manufacturer Part Number">150040RS73240</field>
      </fields>
      <libsource lib="Device" part="LED" description="Light emitting diode"/>
      <property name="Distributer Link" value="https://www.mouser.com/ProductDetail/Wurth-Elektronik/150040RS73240?qs=8Aam6%252B7C6HGMiInmnlrBiw%3D%3D"/>
      <property name="Manufacturer" value="Wurth"/>
      <property name="Manufacturer Part Number" value="150040RS73240"/>
      <property name="Sheetname" value=""/>
      <property name="Sheetfile" value="stm32mc.kicad_sch"/>
      <property name="ki_description" value="Light emitting diode"/>
      <property name="ki_keywords" value="LED diode"/>
      <sheetpath names="/" tstamps="/"/>
      <tstamps>fe060cb7-bea6-4c3d-bec3-f04342cd2dfb</tstamps>
    </comp>
    <comp ref="FLT1">
      <value>DLF162500LT-5028A1</value>
      <footprint>STM_MCU:DLF162500LT-5028A1</footprint>
      <datasheet>https://product.tdk.com/system/files/dam/doc/product/rf/rf/filter/catalog/rf_lpf_dlf162500lt-5028a1_en.pdf</datasheet>
      <fields>
        <field name="Distributer Link">https://www.mouser.com/ProductDetail/TDK/DLF162500LT-5028A1?qs=U%2FZX79kHR%2FlwIbAISCs3qA%3D%3D</field>
        <field name="Manufacturer">TDK</field>
        <field name="Manufacturer Part Number">DLF162500LT-5028A1</field>
      </fields>
      <libsource lib="STM_MCU" part="DLF162500LT-5028A1" description=""/>
      <property name="Distributer Link" value="https://www.mouser.com/ProductDetail/TDK/DLF162500LT-5028A1?qs=U%2FZX79kHR%2FlwIbAISCs3qA%3D%3D"/>
      <property name="Manufacturer" value="TDK"/>
      <property name="Manufacturer Part Number" value="DLF162500LT-5028A1"/>
      <property name="Sheetname" value=""/>
      <property name="Sheetfile" value="stm32mc.kicad_sch"/>
      <sheetpath names="/" tstamps="/"/>
      <tstamps>799189a6-0b4f-4e09-9bd7-cc2ddf21196a</tstamps>
    </comp>
    <comp ref="J1">
      <value>USB_C_Receptacle_USB2.0</value>
      <footprint>Connector_USB:USB_C_Receptacle_GCT_USB4105-xx-A_16P_TopMnt_Horizontal</footprint>
      <datasheet>https://www.usb.org/sites/default/files/documents/usb_type-c.zip</datasheet>
      <fields>
        <field name="Distributer Link">https://www.mouser.com/ProductDetail/GCT/USB4105-GF-A?qs=KUoIvG%2F9IlY%2FMLlBMpStpA%3D%3D</field>
        <field name="Manufacturer">GCT</field>
        <field name="Manufacturer Part Number">USB4105-GF-A</field>
      </fields>
      <libsource lib="Connector" part="USB_C_Receptacle_USB2.0" description="USB 2.0-only Type-C Receptacle connector"/>
      <property name="Distributer Link" value="https://www.mouser.com/ProductDetail/GCT/USB4105-GF-A?qs=KUoIvG%2F9IlY%2FMLlBMpStpA%3D%3D"/>
      <property name="Manufacturer" value="GCT"/>
      <property name="Manufacturer Part Number" value="USB4105-GF-A"/>
      <property name="Sheetname" value=""/>
      <property name="Sheetfile" value="stm32mc.kicad_sch"/>
      <property name="ki_description" value="USB 2.0-only Type-C Receptacle connector"/>
      <property name="ki_keywords" value="usb universal serial bus type-C USB2.0"/>
      <sheetpath names="/" tstamps="/"/>
      <tstamps>8d6bb0e8-74f2-4b7e-8cf4-13baad076f7c</tstamps>
    </comp>
    <comp ref="J3">
      <value>Conn_01x04</value>
      <footprint>Connector_Molex:Molex_PicoBlade_53048-0410_1x04_P1.25mm_Horizontal</footprint>
      <fields>
        <field name="Distributer Link">https://www.mouser.com/ProductDetail/Molex/53048-0410?qs=359VwiUTsp2msj5Tobchuw%3D%3D</field>
        <field name="Manufacturer">Molex</field>
        <field name="Manufacturer Part Number">53048-0410</field>
      </fields>
      <libsource lib="Connector_Generic" part="Conn_01x04" description="Generic connector, single row, 01x04, script generated (kicad-library-utils/schlib/autogen/connector/)"/>
      <property name="Distributer Link" value="https://www.mouser.com/ProductDetail/Molex/53048-0410?qs=359VwiUTsp2msj5Tobchuw%3D%3D"/>
      <property name="Manufacturer" value="Molex"/>
      <property name="Manufacturer Part Number" value="53048-0410"/>
      <property name="Sheetname" value=""/>
      <property name="Sheetfile" value="stm32mc.kicad_sch"/>
      <property name="ki_description" value="Generic connector, single row, 01x04, script generated (kicad-library-utils/schlib/autogen/connector/)"/>
      <property name="ki_keywords" value="connector"/>
      <sheetpath names="/" tstamps="/"/>
      <tstamps>c6379a57-2b2a-4ce7-9a07-d8fdb7b64cfa</tstamps>
    </comp>
    <comp ref="J4">
      <value>Conn_01x04</value>
      <footprint>Connector_Molex:Molex_PicoBlade_53048-0410_1x04_P1.25mm_Horizontal</footprint>
      <fields>
        <field name="Distributer Link">https://www.mouser.com/ProductDetail/Molex/53048-0410?qs=359VwiUTsp2msj5Tobchuw%3D%3D</field>
        <field name="Manufacturer">Molex</field>
        <field name="Manufacturer Part Number">53048-0410</field>
      </fields>
      <libsource lib="Connector_Generic" part="Conn_01x04" description="Generic connector, single row, 01x04, script generated (kicad-library-utils/schlib/autogen/connector/)"/>
      <property name="Distributer Link" value="https://www.mouser.com/ProductDetail/Molex/53048-0410?qs=359VwiUTsp2msj5Tobchuw%3D%3D"/>
      <property name="Manufacturer" value="Molex"/>
      <property name="Manufacturer Part Number" value="53048-0410"/>
      <property name="Sheetname" value=""/>
      <property name="Sheetfile" value="stm32mc.kicad_sch"/>
      <property name="ki_description" value="Generic connector, single row, 01x04, script generated (kicad-library-utils/schlib/autogen/connector/)"/>
      <property name="ki_keywords" value="connector"/>
      <sheetpath names="/" tstamps="/"/>
      <tstamps>f7aa9ce3-0df0-4634-9b13-40197a17bf83</tstamps>
    </comp>
    <comp ref="J5">
      <value>Conn_Coaxial</value>
      <footprint>Connector_Coaxial:U.FL_Hirose_U.FL-R-SMT-1_Vertical</footprint>
      <datasheet> ~</datasheet>
      <fields>
        <field name="Distributer Link">https://www.mouser.com/ProductDetail/Hirose-Connector/U.FL-R-SMT-101?qs=PABxe4V6HDpNsmXV6XKIVg%3D%3D</field>
        <field name="Manufacturer">Hirose</field>
        <field name="Manufacturer Part Number">U.FL-R-SMT-1(01)</field>
      </fields>
      <libsource lib="Connector" part="Conn_Coaxial" description="coaxial connector (BNC, SMA, SMB, SMC, Cinch/RCA, LEMO, ...)"/>
      <property name="Distributer Link" value="https://www.mouser.com/ProductDetail/Hirose-Connector/U.FL-R-SMT-101?qs=PABxe4V6HDpNsmXV6XKIVg%3D%3D"/>
      <property name="Manufacturer" value="Hirose"/>
      <property name="Manufacturer Part Number" value="U.FL-R-SMT-1(01)"/>
      <property name="Sheetname" value=""/>
      <property name="Sheetfile" value="stm32mc.kicad_sch"/>
      <property name="ki_description" value="coaxial connector (BNC, SMA, SMB, SMC, Cinch/RCA, LEMO, ...)"/>
      <property name="ki_keywords" value="BNC SMA SMB SMC LEMO coaxial connector CINCH RCA"/>
      <sheetpath names="/" tstamps="/"/>
      <tstamps>398e77a8-6a8a-49d8-b772-89dc46642753</tstamps>
    </comp>
    <comp ref="L1">
      <value>10n</value>
      <footprint>Inductor_SMD:L_0402_1005Metric</footprint>
      <fields>
        <field name="Distributer Link">https://www.mouser.com/ProductDetail/Murata-Electronics/LQG15WZ10NJ02D?qs=60uY6ySkanT1eJ7IaeAl%2Fg%3D%3D</field>
        <field name="Manufacturer">Murata</field>
        <field name="Manufacturer Part Number">LQG15WZ10NJ02D</field>
      </fields>
      <libsource lib="Device" part="L" description="Inductor"/>
      <property name="Distributer Link" value="https://www.mouser.com/ProductDetail/Murata-Electronics/LQG15WZ10NJ02D?qs=60uY6ySkanT1eJ7IaeAl%2Fg%3D%3D"/>
      <property name="Manufacturer" value="Murata"/>
      <property name="Manufacturer Part Number" value="LQG15WZ10NJ02D"/>
      <property name="Sheetname" value=""/>
      <property name="Sheetfile" value="stm32mc.kicad_sch"/>
      <property name="ki_description" value="Inductor"/>
      <property name="ki_keywords" value="inductor choke coil reactor magnetic"/>
      <sheetpath names="/" tstamps="/"/>
      <tstamps>891aa4b0-fe44-4bd0-8661-893ea6e792ec</tstamps>
    </comp>
    <comp ref="L2">
      <value>10u</value>
      <footprint>Inductor_SMD:L_0805_2012Metric</footprint>
      <fields>
        <field name="Distributer Link">https://www.mouser.com/ProductDetail/Murata-Electronics/LQM21FN100M70L?qs=8M15sSGRUn%252BogwBrvQUwLA%3D%3D</field>
        <field name="Manufacturer">Murata</field>
        <field name="Manufacturer Part Number">LQM21FN100M70L</field>
      </fields>
      <libsource lib="Device" part="L" description="Inductor"/>
      <property name="Distributer Link" value="https://www.mouser.com/ProductDetail/Murata-Electronics/LQM21FN100M70L?qs=8M15sSGRUn%252BogwBrvQUwLA%3D%3D"/>
      <property name="Manufacturer" value="Murata"/>
      <property name="Manufacturer Part Number" value="LQM21FN100M70L"/>
      <property name="Sheetname" value=""/>
      <property name="Sheetfile" value="stm32mc.kicad_sch"/>
      <property name="ki_description" value="Inductor"/>
      <property name="ki_keywords" value="inductor choke coil reactor magnetic"/>
      <sheetpath names="/" tstamps="/"/>
      <tstamps>16245d87-7331-498b-96d4-9f107f6d31e0</tstamps>
    </comp>
    <comp ref="L3">
      <value>2n7</value>
      <footprint>Inductor_SMD:L_0402_1005Metric</footprint>
      <fields>
        <field name="Distributer Link">https://www.mouser.com/ProductDetail/Murata-Electronics/LQG15HS2N7S02D?qs=ctz47l0uL1AKrLI74yO5Qw%3D%3D</field>
        <field name="Manufacturer">Murata</field>
        <field name="Manufacturer Part Number">LQG15HS2N7S02D</field>
      </fields>
      <libsource lib="Device" part="L" description="Inductor"/>
      <property name="Distributer Link" value="https://www.mouser.com/ProductDetail/Murata-Electronics/LQG15HS2N7S02D?qs=ctz47l0uL1AKrLI74yO5Qw%3D%3D"/>
      <property name="Manufacturer" value="Murata"/>
      <property name="Manufacturer Part Number" value="LQG15HS2N7S02D"/>
      <property name="Sheetname" value=""/>
      <property name="Sheetfile" value="stm32mc.kicad_sch"/>
      <property name="ki_description" value="Inductor"/>
      <property name="ki_keywords" value="inductor choke coil reactor magnetic"/>
      <sheetpath names="/" tstamps="/"/>
      <tstamps>2350a314-ccba-4f0b-af0e-02b8e90edd4f</tstamps>
    </comp>
    <comp ref="R1">
      <value>5k1</value>
      <footprint>Resistor_SMD:R_0402_1005Metric</footprint>
      <fields>
        <field name="Distributer Link">https://www.mouser.com/ProductDetail/YAGEO/RC0603FR-075K1L?qs=gt6vzsuosg2jUUwxnI2PJQ%3D%3D</field>
        <field name="Manufacturer">YAGEO</field>
        <field name="Manufacturer Part Number">RC0603FR-075K1L</field>
      </fields>
      <libsource lib="Device" part="R" description="Resistor"/>
      <property name="Distributer Link" value="https://www.mouser.com/ProductDetail/YAGEO/RC0603FR-075K1L?qs=gt6vzsuosg2jUUwxnI2PJQ%3D%3D"/>
      <property name="Manufacturer" value="YAGEO"/>
      <property name="Manufacturer Part Number" value="RC0603FR-075K1L"/>
      <property name="Sheetname" value=""/>
      <property name="Sheetfile" value="stm32mc.kicad_sch"/>
      <property name="ki_description" value="Resistor"/>
      <property name="ki_keywords" value="R res resistor"/>
      <sheetpath names="/" tstamps="/"/>
      <tstamps>53ef20a4-207a-47c9-aaf1-6e0696293e8c</tstamps>
    </comp>
    <comp ref="R2">
      <value>5k1</value>
      <footprint>Resistor_SMD:R_0402_1005Metric</footprint>
      <fields>
        <field name="Distributer Link">https://www.mouser.com/ProductDetail/YAGEO/RC0603FR-075K1L?qs=gt6vzsuosg2jUUwxnI2PJQ%3D%3D</field>
        <field name="Manufacturer">YAGEO</field>
        <field name="Manufacturer Part Number">RC0603FR-075K1L</field>
      </fields>
      <libsource lib="Device" part="R" description="Resistor"/>
      <property name="Distributer Link" value="https://www.mouser.com/ProductDetail/YAGEO/RC0603FR-075K1L?qs=gt6vzsuosg2jUUwxnI2PJQ%3D%3D"/>
      <property name="Manufacturer" value="YAGEO"/>
      <property name="Manufacturer Part Number" value="RC0603FR-075K1L"/>
      <property name="Sheetname" value=""/>
      <property name="Sheetfile" value="stm32mc.kicad_sch"/>
      <property name="ki_description" value="Resistor"/>
      <property name="ki_keywords" value="R res resistor"/>
      <sheetpath names="/" tstamps="/"/>
      <tstamps>32f18a01-8af0-49b1-ac09-a74669d38e5f</tstamps>
    </comp>
    <comp ref="R3">
      <value>220R</value>
      <footprint>Resistor_SMD:R_0402_1005Metric</footprint>
      <fields>
        <field name="Distributer Link">https://www.mouser.com/ProductDetail/YAGEO/RC0402FR-07221RL?qs=YDy31nmf64y04UoKIvC83Q%3D%3D</field>
        <field name="Manufacturer">YAGEO</field>
        <field name="Manufacturer Part Number">RC0402FR-07221RL</field>
      </fields>
      <libsource lib="Device" part="R" description="Resistor"/>
      <property name="Distributer Link" value="https://www.mouser.com/ProductDetail/YAGEO/RC0402FR-07221RL?qs=YDy31nmf64y04UoKIvC83Q%3D%3D"/>
      <property name="Manufacturer" value="YAGEO"/>
      <property name="Manufacturer Part Number" value="RC0402FR-07221RL"/>
      <property name="Sheetname" value=""/>
      <property name="Sheetfile" value="stm32mc.kicad_sch"/>
      <property name="ki_description" value="Resistor"/>
      <property name="ki_keywords" value="R res resistor"/>
      <sheetpath names="/" tstamps="/"/>
      <tstamps>fe246602-3eef-40c9-9757-d62b2942e74b</tstamps>
    </comp>
    <comp ref="R4">
      <value>5k1</value>
      <footprint>Resistor_SMD:R_0402_1005Metric</footprint>
      <fields>
        <field name="Distributer Link">https://www.mouser.com/ProductDetail/YAGEO/RC0603FR-075K1L?qs=gt6vzsuosg2jUUwxnI2PJQ%3D%3D</field>
        <field name="Manufacturer">YAGEO</field>
        <field name="Manufacturer Part Number">RC0603FR-075K1L</field>
      </fields>
      <libsource lib="Device" part="R" description="Resistor"/>
      <property name="Distributer Link" value="https://www.mouser.com/ProductDetail/YAGEO/RC0603FR-075K1L?qs=gt6vzsuosg2jUUwxnI2PJQ%3D%3D"/>
      <property name="Manufacturer" value="YAGEO"/>
      <property name="Manufacturer Part Number" value="RC0603FR-075K1L"/>
      <property name="Sheetname" value=""/>
      <property name="Sheetfile" value="stm32mc.kicad_sch"/>
      <property name="ki_description" value="Resistor"/>
      <property name="ki_keywords" value="R res resistor"/>
      <sheetpath names="/" tstamps="/"/>
      <tstamps>13723666-f357-4bf7-8bbc-554d79b3df63</tstamps>
    </comp>
    <comp ref="R5">
      <value>220R</value>
      <footprint>Resistor_SMD:R_0402_1005Metric</footprint>
      <fields>
        <field name="Distributer Link">https://www.mouser.com/ProductDetail/YAGEO/RC0402FR-07221RL?qs=YDy31nmf64y04UoKIvC83Q%3D%3D</field>
        <field name="Manufacturer">YAGEO</field>
        <field name="Manufacturer Part Number">RC0402FR-07221RL</field>
      </fields>
      <libsource lib="Device" part="R" description="Resistor"/>
      <property name="Distributer Link" value="https://www.mouser.com/ProductDetail/YAGEO/RC0402FR-07221RL?qs=YDy31nmf64y04UoKIvC83Q%3D%3D"/>
      <property name="Manufacturer" value="YAGEO"/>
      <property name="Manufacturer Part Number" value="RC0402FR-07221RL"/>
      <property name="Sheetname" value=""/>
      <property name="Sheetfile" value="stm32mc.kicad_sch"/>
      <property name="ki_description" value="Resistor"/>
      <property name="ki_keywords" value="R res resistor"/>
      <sheetpath names="/" tstamps="/"/>
      <tstamps>5c89115e-5bd2-4437-a889-020712f31b52</tstamps>
    </comp>
    <comp ref="R6">
      <value>220R</value>
      <footprint>Resistor_SMD:R_0402_1005Metric</footprint>
      <fields>
        <field name="Distributer Link">https://www.mouser.com/ProductDetail/YAGEO/RC0402FR-07221RL?qs=YDy31nmf64y04UoKIvC83Q%3D%3D</field>
        <field name="Manufacturer">YAGEO</field>
        <field name="Manufacturer Part Number">RC0402FR-07221RL</field>
      </fields>
      <libsource lib="Device" part="R" description="Resistor"/>
      <property name="Distributer Link" value="https://www.mouser.com/ProductDetail/YAGEO/RC0402FR-07221RL?qs=YDy31nmf64y04UoKIvC83Q%3D%3D"/>
      <property name="Manufacturer" value="YAGEO"/>
      <property name="Manufacturer Part Number" value="RC0402FR-07221RL"/>
      <property name="Sheetname" value=""/>
      <property name="Sheetfile" value="stm32mc.kicad_sch"/>
      <property name="ki_description" value="Resistor"/>
      <property name="ki_keywords" value="R res resistor"/>
      <sheetpath names="/" tstamps="/"/>
      <tstamps>1adaf479-4186-4e1b-84a0-7497ee33081f</tstamps>
    </comp>
    <comp ref="R7">
      <value>5k1</value>
      <footprint>Resistor_SMD:R_0402_1005Metric</footprint>
      <fields>
        <field name="Distributer Link">https://www.mouser.com/ProductDetail/YAGEO/RC0603FR-075K1L?qs=gt6vzsuosg2jUUwxnI2PJQ%3D%3D</field>
        <field name="Manufacturer">YAGEO</field>
        <field name="Manufacturer Part Number">RC0603FR-075K1L</field>
      </fields>
      <libsource lib="Device" part="R" description="Resistor"/>
      <property name="Distributer Link" value="https://www.mouser.com/ProductDetail/YAGEO/RC0603FR-075K1L?qs=gt6vzsuosg2jUUwxnI2PJQ%3D%3D"/>
      <property name="Manufacturer" value="YAGEO"/>
      <property name="Manufacturer Part Number" value="RC0603FR-075K1L"/>
      <property name="Sheetname" value=""/>
      <property name="Sheetfile" value="stm32mc.kicad_sch"/>
      <property name="ki_description" value="Resistor"/>
      <property name="ki_keywords" value="R res resistor"/>
      <sheetpath names="/" tstamps="/"/>
      <tstamps>1acfc7e5-0b73-419a-94d9-d3fff36eb097</tstamps>
    </comp>
    <comp ref="R8">
      <value>5k1</value>
      <footprint>Resistor_SMD:R_0402_1005Metric</footprint>
      <fields>
        <field name="Distributer Link">https://www.mouser.com/ProductDetail/YAGEO/RC0603FR-075K1L?qs=gt6vzsuosg2jUUwxnI2PJQ%3D%3D</field>
        <field name="Manufacturer">YAGEO</field>
        <field name="Manufacturer Part Number">RC0603FR-075K1L</field>
      </fields>
      <libsource lib="Device" part="R" description="Resistor"/>
      <property name="Distributer Link" value="https://www.mouser.com/ProductDetail/YAGEO/RC0603FR-075K1L?qs=gt6vzsuosg2jUUwxnI2PJQ%3D%3D"/>
      <property name="Manufacturer" value="YAGEO"/>
      <property name="Manufacturer Part Number" value="RC0603FR-075K1L"/>
      <property name="Sheetname" value=""/>
      <property name="Sheetfile" value="stm32mc.kicad_sch"/>
      <property name="ki_description" value="Resistor"/>
      <property name="ki_keywords" value="R res resistor"/>
      <sheetpath names="/" tstamps="/"/>
      <tstamps>d29b4f71-8a04-4f15-9448-d3a3bbe3b0d3</tstamps>
    </comp>
    <comp ref="R9">
      <value>220R</value>
      <footprint>Resistor_SMD:R_0402_1005Metric</footprint>
      <fields>
        <field name="Distributer Link">https://www.mouser.com/ProductDetail/YAGEO/RC0402FR-07221RL?qs=YDy31nmf64y04UoKIvC83Q%3D%3D</field>
        <field name="Manufacturer">YAGEO</field>
        <field name="Manufacturer Part Number">RC0402FR-07221RL</field>
      </fields>
      <libsource lib="Device" part="R" description="Resistor"/>
      <property name="Distributer Link" value="https://www.mouser.com/ProductDetail/YAGEO/RC0402FR-07221RL?qs=YDy31nmf64y04UoKIvC83Q%3D%3D"/>
      <property name="Manufacturer" value="YAGEO"/>
      <property name="Manufacturer Part Number" value="RC0402FR-07221RL"/>
      <property name="Sheetname" value=""/>
      <property name="Sheetfile" value="stm32mc.kicad_sch"/>
      <property name="ki_description" value="Resistor"/>
      <property name="ki_keywords" value="R res resistor"/>
      <sheetpath names="/" tstamps="/"/>
      <tstamps>e901d3b1-3f1f-450d-8c1a-5a06f0b3e3bc</tstamps>
    </comp>
    <comp ref="SW1">
      <value>SW_Push</value>
      <footprint>Button_Switch_SMD:SW_SPST_CK_RS282G05A3</footprint>
      <fields>
        <field name="Distributer Link">https://www.mouser.com/ProductDetail/CK/RS282G05A3SMRT?qs=Gufeu08L%2Fl2VU43xmeLp5Q%3D%3D</field>
        <field name="Manufacturer">C&amp;K</field>
        <field name="Manufacturer Part Number">RS282G05A3SMRT</field>
      </fields>
      <libsource lib="Switch" part="SW_Push" description="Push button switch, generic, two pins"/>
      <property name="Distributer Link" value="https://www.mouser.com/ProductDetail/CK/RS282G05A3SMRT?qs=Gufeu08L%2Fl2VU43xmeLp5Q%3D%3D"/>
      <property name="Manufacturer" value="C&amp;K"/>
      <property name="Manufacturer Part Number" value="RS282G05A3SMRT"/>
      <property name="Sheetname" value=""/>
      <property name="Sheetfile" value="stm32mc.kicad_sch"/>
      <property name="ki_description" value="Push button switch, generic, two pins"/>
      <property name="ki_keywords" value="switch normally-open pushbutton push-button"/>
      <sheetpath names="/" tstamps="/"/>
      <tstamps>bac84043-1a7e-4c59-a2ff-442d0e4f8f30</tstamps>
    </comp>
    <comp ref="U1">
      <value>USBLC6-2SC6</value>
      <footprint>Package_TO_SOT_SMD:SOT-23-6</footprint>
      <datasheet>https://www.st.com/resource/en/datasheet/usblc6-2.pdf</datasheet>
      <fields>
        <field name="Distributer Link">https://www.mouser.com/ProductDetail/STMicroelectronics/USBLC6-2SC6?qs=po45yt2pPpu%2FhNIlwQdTlg%3D%3D</field>
        <field name="Manufacturer">STMicroelectronics</field>
        <field name="Manufacturer Part Number">USBLC6-2SC6</field>
      </fields>
      <libsource lib="STM_MCU" part="USBLC6-2SC6" description="Very low capacitance ESD protection diode, 2 data-line, SOT-23-6"/>
      <property name="Distributer Link" value="https://www.mouser.com/ProductDetail/STMicroelectronics/USBLC6-2SC6?qs=po45yt2pPpu%2FhNIlwQdTlg%3D%3D"/>
      <property name="Manufacturer" value="STMicroelectronics"/>
      <property name="Manufacturer Part Number" value="USBLC6-2SC6"/>
      <property name="Sheetname" value=""/>
      <property name="Sheetfile" value="stm32mc.kicad_sch"/>
      <property name="ki_description" value="Very low capacitance ESD protection diode, 2 data-line, SOT-23-6"/>
      <property name="ki_keywords" value="usb ethernet video"/>
      <sheetpath names="/" tstamps="/"/>
      <tstamps>8258f466-0ac5-470c-be50-40b8c8dbd4ac</tstamps>
    </comp>
    <comp ref="U2">
      <value>MIC5365-3.3YD5</value>
      <footprint>Package_TO_SOT_SMD:SOT-23-5</footprint>
      <datasheet>http://ww1.microchip.com/downloads/en/DeviceDoc/mic5365.pdf</datasheet>
      <fields>
        <field name="Distributer Link">https://www.mouser.com/ProductDetail/Microchip-Technology/MIC5365-3.3YD5-TR?qs=U6T8BxXiZAXzRinbbfZRrg%3D%3D</field>
        <field name="Manufacturer">Microchip</field>
        <field name="Manufacturer Part Number">MIC5365-3.3YD5-TR</field>
      </fields>
      <libsource lib="Regulator_Linear" part="MIC5365-3.3YD5" description="150mA Low-dropout Voltage Regulator, Vout 3.3V, Vin up to 5.5V, SOT-23-5"/>
      <property name="Distributer Link" value="https://www.mouser.com/ProductDetail/Microchip-Technology/MIC5365-3.3YD5-TR?qs=U6T8BxXiZAXzRinbbfZRrg%3D%3D"/>
      <property name="Manufacturer" value="Microchip"/>
      <property name="Manufacturer Part Number" value="MIC5365-3.3YD5-TR"/>
      <property name="Sheetname" value=""/>
      <property name="Sheetfile" value="stm32mc.kicad_sch"/>
      <property name="ki_description" value="150mA Low-dropout Voltage Regulator, Vout 3.3V, Vin up to 5.5V, SOT-23-5"/>
      <property name="ki_keywords" value="Micrel LDO voltage regulator"/>
      <sheetpath names="/" tstamps="/"/>
      <tstamps>285cf95e-0bf6-43ab-9a72-f7e3dd8d1618</tstamps>
    </comp>
    <comp ref="U3">
      <value>STM32WB55CEUx</value>
      <footprint>Package_DFN_QFN:QFN-48-1EP_7x7mm_P0.5mm_EP5.6x5.6mm</footprint>
      <datasheet>https://www.st.com/resource/en/datasheet/stm32wb55ce.pdf</datasheet>
      <fields>
        <field name="Distributer Link">https://www.mouser.com/ProductDetail/STMicroelectronics/STM32WB55CEU6?qs=l7cgNqFNU1h38DnIgipayw%3D%3D</field>
        <field name="Manufacturer">STMicroelectronics</field>
        <field name="Manufacturer Part Number">STM32WB55CEU6</field>
      </fields>
      <libsource lib="MCU_ST_STM32WB" part="STM32WB55CEUx" description="STMicroelectronics Arm Cortex-M4 MCU, 512KB flash, 256KB RAM, 64 MHz, 1.71-3.6V, 30 GPIO, UFQFPN48"/>
      <property name="Distributer Link" value="https://www.mouser.com/ProductDetail/STMicroelectronics/STM32WB55CEU6?qs=l7cgNqFNU1h38DnIgipayw%3D%3D"/>
      <property name="Manufacturer" value="STMicroelectronics"/>
      <property name="Manufacturer Part Number" value="STM32WB55CEU6"/>
      <property name="Sheetname" value=""/>
      <property name="Sheetfile" value="stm32mc.kicad_sch"/>
      <property name="ki_description" value="STMicroelectronics Arm Cortex-M4 MCU, 512KB flash, 256KB RAM, 64 MHz, 1.71-3.6V, 30 GPIO, UFQFPN48"/>
      <property name="ki_keywords" value="Arm Cortex-M4 STM32WB STM32WBx5"/>
      <sheetpath names="/" tstamps="/"/>
      <tstamps>c2ce8d04-6b22-4902-8a25-c60dca7982db</tstamps>
    </comp>
    <comp ref="X1">
      <value>32kHz768</value>
      <footprint>Crystal:Crystal_SMD_2012-2Pin_2.0x1.2mm</footprint>
      <fields>
        <field name="Distributer Link">https://www.mouser.com/ProductDetail/NDK/NX2012SA-32.768K-STD-MUB-1?qs=55YtniHzbhA%252B6%2Fl1MwFZaQ%3D%3D</field>
        <field name="Manufacturer">NDK</field>
        <field name="Manufacturer Part Number">NX2012SA-32.768K-STD-MUB-1 </field>
      </fields>
      <libsource lib="Device" part="Crystal" description="Two pin crystal"/>
      <property name="Distributer Link" value="https://www.mouser.com/ProductDetail/NDK/NX2012SA-32.768K-STD-MUB-1?qs=55YtniHzbhA%252B6%2Fl1MwFZaQ%3D%3D"/>
      <property name="Manufacturer" value="NDK"/>
      <property name="Manufacturer Part Number" value="NX2012SA-32.768K-STD-MUB-1 "/>
      <property name="Sheetname" value=""/>
      <property name="Sheetfile" value="stm32mc.kicad_sch"/>
      <property name="ki_description" value="Two pin crystal"/>
      <property name="ki_keywords" value="quartz ceramic resonator oscillator"/>
      <sheetpath names="/" tstamps="/"/>
      <tstamps>e721ec39-16d2-412d-a238-bef2876a07df</tstamps>
    </comp>
    <comp ref="X2">
      <value>32MHz</value>
      <footprint>Crystal:Crystal_SMD_2016-4Pin_2.0x1.6mm</footprint>
      <fields>
        <field name="Distributer Link">https://www.mouser.com/ProductDetail/NDK/NX2016SA-32M-EXS00A-CS06465?qs=w%2Fv1CP2dgqr82b0JjRnv4A%3D%3D</field>
        <field name="Manufacturer">NDK</field>
        <field name="Manufacturer Part Number">NX2016SA-32M-EXS00A-CS06465</field>
      </fields>
      <libsource lib="Device" part="Crystal_GND24" description="Four pin crystal, GND on pins 2 and 4"/>
      <property name="Distributer Link" value="https://www.mouser.com/ProductDetail/NDK/NX2016SA-32M-EXS00A-CS06465?qs=w%2Fv1CP2dgqr82b0JjRnv4A%3D%3D"/>
      <property name="Manufacturer" value="NDK"/>
      <property name="Manufacturer Part Number" value="NX2016SA-32M-EXS00A-CS06465"/>
      <property name="Sheetname" value=""/>
      <property name="Sheetfile" value="stm32mc.kicad_sch"/>
      <property name="ki_description" value="Four pin crystal, GND on pins 2 and 4"/>
      <property name="ki_keywords" value="quartz ceramic resonator oscillator"/>
      <sheetpath names="/" tstamps="/"/>
      <tstamps>97b58563-71e9-4d6c-aace-e14442e0abec</tstamps>
    </comp>
  </components>
  <libparts>
    <libpart lib="Connector" part="Conn_ARM_SWD_TagConnect_TC2030">
      <description>Tag-Connect ARM Cortex SWD JTAG connector, 6 pin</description>
      <docs>https://www.tag-connect.com/wp-content/uploads/bsk-pdf-manager/TC2030-CTX_1.pdf</docs>
      <footprints>
        <fp>*TC2030*</fp>
      </footprints>
      <fields>
        <field name="Reference">J</field>
        <field name="Value">Conn_ARM_SWD_TagConnect_TC2030</field>
        <field name="Footprint">Connector:Tag-Connect_TC2030-IDC-FP_2x03_P1.27mm_Vertical</field>
        <field name="Datasheet">https://www.tag-connect.com/wp-content/uploads/bsk-pdf-manager/TC2030-CTX_1.pdf</field>
      </fields>
      <pins>
        <pin num="1" name="VCC" type="power_in"/>
        <pin num="2" name="SWDIO" type="bidirectional"/>
        <pin num="3" name="~{RESET}" type="open_collector"/>
        <pin num="4" name="SWCLK" type="output"/>
        <pin num="5" name="GND" type="power_in"/>
        <pin num="6" name="SWO" type="input"/>
      </pins>
    </libpart>
    <libpart lib="Connector" part="Conn_Coaxial">
      <description>coaxial connector (BNC, SMA, SMB, SMC, Cinch/RCA, LEMO, ...)</description>
      <docs> ~</docs>
      <footprints>
        <fp>*BNC*</fp>
        <fp>*SMA*</fp>
        <fp>*SMB*</fp>
        <fp>*SMC*</fp>
        <fp>*Cinch*</fp>
        <fp>*LEMO*</fp>
      </footprints>
      <fields>
        <field name="Reference">J</field>
        <field name="Value">Conn_Coaxial</field>
        <field name="Datasheet"> ~</field>
      </fields>
      <pins>
        <pin num="1" name="In" type="passive"/>
        <pin num="2" name="Ext" type="passive"/>
      </pins>
    </libpart>
    <libpart lib="Connector" part="USB_C_Receptacle_USB2.0">
      <description>USB 2.0-only Type-C Receptacle connector</description>
      <docs>https://www.usb.org/sites/default/files/documents/usb_type-c.zip</docs>
      <footprints>
        <fp>USB*C*Receptacle*</fp>
      </footprints>
      <fields>
        <field name="Reference">J</field>
        <field name="Value">USB_C_Receptacle_USB2.0</field>
        <field name="Datasheet">https://www.usb.org/sites/default/files/documents/usb_type-c.zip</field>
      </fields>
      <pins>
        <pin num="A1" name="GND" type="passive"/>
        <pin num="A4" name="VBUS" type="passive"/>
        <pin num="A5" name="CC1" type="bidirectional"/>
        <pin num="A6" name="D+" type="bidirectional"/>
        <pin num="A7" name="D-" type="bidirectional"/>
        <pin num="A8" name="SBU1" type="bidirectional"/>
        <pin num="A9" name="VBUS" type="passive"/>
        <pin num="A12" name="GND" type="passive"/>
        <pin num="B1" name="GND" type="passive"/>
        <pin num="B4" name="VBUS" type="passive"/>
        <pin num="B5" name="CC2" type="bidirectional"/>
        <pin num="B6" name="D+" type="bidirectional"/>
        <pin num="B7" name="D-" type="bidirectional"/>
        <pin num="B8" name="SBU2" type="bidirectional"/>
        <pin num="B9" name="VBUS" type="passive"/>
        <pin num="B12" name="GND" type="passive"/>
        <pin num="S1" name="SHIELD" type="passive"/>
      </pins>
    </libpart>
    <libpart lib="Connector_Generic" part="Conn_01x04">
      <description>Generic connector, single row, 01x04, script generated (kicad-library-utils/schlib/autogen/connector/)</description>
      <docs>~</docs>
      <footprints>
        <fp>Connector*:*_1x??_*</fp>
      </footprints>
      <fields>
        <field name="Reference">J</field>
        <field name="Value">Conn_01x04</field>
        <field name="Datasheet">~</field>
      </fields>
      <pins>
        <pin num="1" name="Pin_1" type="passive"/>
        <pin num="2" name="Pin_2" type="passive"/>
        <pin num="3" name="Pin_3" type="passive"/>
        <pin num="4" name="Pin_4" type="passive"/>
      </pins>
    </libpart>
    <libpart lib="Device" part="C">
      <description>Unpolarized capacitor</description>
      <docs>~</docs>
      <footprints>
        <fp>C_*</fp>
      </footprints>
      <fields>
        <field name="Reference">C</field>
        <field name="Value">C</field>
        <field name="Datasheet">~</field>
      </fields>
      <pins>
        <pin num="1" name="" type="passive"/>
        <pin num="2" name="" type="passive"/>
      </pins>
    </libpart>
    <libpart lib="Device" part="Crystal">
      <description>Two pin crystal</description>
      <docs>~</docs>
      <footprints>
        <fp>Crystal*</fp>
      </footprints>
      <fields>
        <field name="Reference">Y</field>
        <field name="Value">Crystal</field>
        <field name="Datasheet">~</field>
      </fields>
      <pins>
        <pin num="1" name="1" type="passive"/>
        <pin num="2" name="2" type="passive"/>
      </pins>
    </libpart>
    <libpart lib="Device" part="Crystal_GND24">
      <description>Four pin crystal, GND on pins 2 and 4</description>
      <docs>~</docs>
      <footprints>
        <fp>Crystal*</fp>
      </footprints>
      <fields>
        <field name="Reference">Y</field>
        <field name="Value">Crystal_GND24</field>
        <field name="Datasheet">~</field>
      </fields>
      <pins>
        <pin num="1" name="1" type="passive"/>
        <pin num="2" name="2" type="passive"/>
        <pin num="3" name="3" type="passive"/>
        <pin num="4" name="4" type="passive"/>
      </pins>
    </libpart>
    <libpart lib="Device" part="L">
      <description>Inductor</description>
      <docs>~</docs>
      <footprints>
        <fp>Choke_*</fp>
        <fp>*Coil*</fp>
        <fp>Inductor_*</fp>
        <fp>L_*</fp>
      </footprints>
      <fields>
        <field name="Reference">L</field>
        <field name="Value">L</field>
        <field name="Datasheet">~</field>
      </fields>
      <pins>
        <pin num="1" name="1" type="passive"/>
        <pin num="2" name="2" type="passive"/>
      </pins>
    </libpart>
    <libpart lib="Device" part="LED">
      <description>Light emitting diode</description>
      <docs>~</docs>
      <footprints>
        <fp>LED*</fp>
        <fp>LED_SMD:*</fp>
        <fp>LED_THT:*</fp>
      </footprints>
      <fields>
        <field name="Reference">D</field>
        <field name="Value">LED</field>
        <field name="Datasheet">~</field>
      </fields>
      <pins>
        <pin num="1" name="K" type="passive"/>
        <pin num="2" name="A" type="passive"/>
      </pins>
    </libpart>
    <libpart lib="Device" part="R">
      <description>Resistor</description>
      <docs>~</docs>
      <footprints>
        <fp>R_*</fp>
      </footprints>
      <fields>
        <field name="Reference">R</field>
        <field name="Value">R</field>
        <field name="Datasheet">~</field>
      </fields>
      <pins>
        <pin num="1" name="" type="passive"/>
        <pin num="2" name="" type="passive"/>
      </pins>
    </libpart>
    <libpart lib="MCU_ST_STM32WB" part="STM32WB55CEUx">
      <description>STMicroelectronics Arm Cortex-M4 MCU, 512KB flash, 256KB RAM, 64 MHz, 1.71-3.6V, 30 GPIO, UFQFPN48</description>
      <docs>https://www.st.com/resource/en/datasheet/stm32wb55ce.pdf</docs>
      <footprints>
        <fp>QFN*1EP*7x7mm*P0.5mm*</fp>
      </footprints>
      <fields>
        <field name="Reference">U</field>
        <field name="Value">STM32WB55CEUx</field>
        <field name="Footprint">Package_DFN_QFN:QFN-48-1EP_7x7mm_P0.5mm_EP5.6x5.6mm</field>
        <field name="Datasheet">https://www.st.com/resource/en/datasheet/stm32wb55ce.pdf</field>
      </fields>
      <pins>
        <pin num="1" name="VBAT" type="power_in"/>
        <pin num="2" name="PC14" type="bidirectional"/>
        <pin num="3" name="PC15" type="bidirectional"/>
        <pin num="4" name="PH3" type="bidirectional"/>
        <pin num="5" name="PB8" type="bidirectional"/>
        <pin num="6" name="PB9" type="bidirectional"/>
        <pin num="7" name="NRST" type="input"/>
        <pin num="8" name="VDDA" type="power_in"/>
        <pin num="9" name="PA0" type="bidirectional"/>
        <pin num="10" name="PA1" type="bidirectional"/>
        <pin num="11" name="PA2" type="bidirectional"/>
        <pin num="12" name="PA3" type="bidirectional"/>
        <pin num="13" name="PA4" type="bidirectional"/>
        <pin num="14" name="PA5" type="bidirectional"/>
        <pin num="15" name="PA6" type="bidirectional"/>
        <pin num="16" name="PA7" type="bidirectional"/>
        <pin num="17" name="PA8" type="bidirectional"/>
        <pin num="18" name="PA9" type="bidirectional"/>
        <pin num="19" name="PB2" type="bidirectional"/>
        <pin num="20" name="VDD" type="power_in"/>
        <pin num="21" name="RF1" type="bidirectional"/>
        <pin num="22" name="VSSRF" type="power_in"/>
        <pin num="23" name="VDDRF" type="power_in"/>
        <pin num="24" name="OSC_OUT" type="input"/>
        <pin num="25" name="OSC_IN" type="input"/>
        <pin num="26" name="AT0" type="no_connect"/>
        <pin num="27" name="AT1" type="no_connect"/>
        <pin num="28" name="PB0" type="bidirectional"/>
        <pin num="29" name="PB1" type="bidirectional"/>
        <pin num="30" name="PE4" type="bidirectional"/>
        <pin num="31" name="VFBSMPS" type="input"/>
        <pin num="32" name="VSSSMPS" type="power_in"/>
        <pin num="33" name="VLXSMPS" type="power_in"/>
        <pin num="34" name="VDDSMPS" type="power_in"/>
        <pin num="35" name="VDD" type="power_in"/>
        <pin num="36" name="PA10" type="bidirectional"/>
        <pin num="37" name="PA11" type="bidirectional"/>
        <pin num="38" name="PA12" type="bidirectional"/>
        <pin num="39" name="PA13" type="bidirectional"/>
        <pin num="40" name="VDDUSB" type="power_in"/>
        <pin num="41" name="PA14" type="bidirectional"/>
        <pin num="42" name="PA15" type="bidirectional"/>
        <pin num="43" name="PB3" type="bidirectional"/>
        <pin num="44" name="PB4" type="bidirectional"/>
        <pin num="45" name="PB5" type="bidirectional"/>
        <pin num="46" name="PB6" type="bidirectional"/>
        <pin num="47" name="PB7" type="bidirectional"/>
        <pin num="48" name="VDD" type="power_in"/>
        <pin num="49" name="VSS" type="power_in"/>
      </pins>
    </libpart>
    <libpart lib="Mechanical" part="Fiducial">
      <description>Fiducial Marker</description>
      <docs>~</docs>
      <footprints>
        <fp>Fiducial*</fp>
      </footprints>
      <fields>
        <field name="Reference">FID</field>
        <field name="Value">Fiducial</field>
        <field name="Datasheet">~</field>
      </fields>
    </libpart>
    <libpart lib="Mechanical" part="MountingHole_Pad">
      <description>Mounting Hole with connection</description>
      <docs>~</docs>
      <footprints>
        <fp>MountingHole*Pad*</fp>
      </footprints>
      <fields>
        <field name="Reference">H</field>
        <field name="Value">MountingHole_Pad</field>
        <field name="Datasheet">~</field>
      </fields>
      <pins>
        <pin num="1" name="1" type="input"/>
      </pins>
    </libpart>
    <libpart lib="Regulator_Linear" part="MIC5365-3.3YD5">
      <description>150mA Low-dropout Voltage Regulator, Vout 3.3V, Vin up to 5.5V, SOT-23-5</description>
      <docs>http://ww1.microchip.com/downloads/en/DeviceDoc/mic5365.pdf</docs>
      <footprints>
        <fp>SOT?23*</fp>
      </footprints>
      <fields>
        <field name="Reference">U</field>
        <field name="Value">MIC5365-3.3YD5</field>
        <field name="Footprint">Package_TO_SOT_SMD:SOT-23-5</field>
        <field name="Datasheet">http://ww1.microchip.com/downloads/en/DeviceDoc/mic5365.pdf</field>
      </fields>
      <pins>
        <pin num="1" name="VIN" type="power_in"/>
        <pin num="2" name="GND" type="power_in"/>
        <pin num="3" name="EN" type="input"/>
        <pin num="4" name="NC" type="no_connect"/>
        <pin num="5" name="VOUT" type="power_out"/>
      </pins>
    </libpart>
    <libpart lib="STM_MCU" part="DLF162500LT-5028A1">
      <docs>https://product.tdk.com/system/files/dam/doc/product/rf/rf/filter/catalog/rf_lpf_dlf162500lt-5028a1_en.pdf</docs>
      <fields>
        <field name="Reference">FLT</field>
        <field name="Value">DLF162500LT-5028A1</field>
        <field name="Footprint">STM_MCU:DLF162500LT-5028A1</field>
        <field name="Datasheet">https://product.tdk.com/system/files/dam/doc/product/rf/rf/filter/catalog/rf_lpf_dlf162500lt-5028a1_en.pdf</field>
      </fields>
      <pins>
        <pin num="1" name="IN" type="passive"/>
        <pin num="2" name="GND" type="passive"/>
        <pin num="3" name="OUT" type="passive"/>
        <pin num="4" name="GND" type="passive"/>
      </pins>
    </libpart>
    <libpart lib="STM_MCU" part="USBLC6-2SC6">
      <description>Very low capacitance ESD protection diode, 2 data-line, SOT-23-6</description>
      <docs>https://www.st.com/resource/en/datasheet/usblc6-2.pdf</docs>
      <footprints>
        <fp>SOT?23*</fp>
      </footprints>
      <fields>
        <field name="Reference">U</field>
        <field name="Value">USBLC6-2SC6</field>
        <field name="Footprint">Package_TO_SOT_SMD:SOT-23-6</field>
        <field name="Datasheet">https://www.st.com/resource/en/datasheet/usblc6-2.pdf</field>
      </fields>
      <pins>
        <pin num="1" name="I/O1" type="passive"/>
        <pin num="2" name="GND" type="passive"/>
        <pin num="3" name="I/O2" type="passive"/>
        <pin num="4" name="I/O2" type="passive"/>
        <pin num="5" name="VBUS" type="passive"/>
        <pin num="6" name="I/O1" type="passive"/>
      </pins>
    </libpart>
    <libpart lib="Switch" part="SW_Push">
      <description>Push button switch, generic, two pins</description>
      <docs>~</docs>
      <fields>
        <field name="Reference">SW</field>
        <field name="Value">SW_Push</field>
        <field name="Datasheet">~</field>
      </fields>
      <pins>
        <pin num="1" name="1" type="passive"/>
        <pin num="2" name="2" type="passive"/>
      </pins>
    </libpart>
  </libparts>
  <libraries>
    <library logical="Connector">
      <uri>C:\Program Files\KiCad\7.0\share\kicad\symbols\/Connector.kicad_sym</uri>
    </library>
    <library logical="Connector_Generic">
      <uri>C:\Program Files\KiCad\7.0\share\kicad\symbols\/Connector_Generic.kicad_sym</uri>
    </library>
    <library logical="Device">
      <uri>C:\Program Files\KiCad\7.0\share\kicad\symbols\/Device.kicad_sym</uri>
    </library>
    <library logical="MCU_ST_STM32WB">
      <uri>C:\Program Files\KiCad\7.0\share\kicad\symbols\/MCU_ST_STM32WB.kicad_sym</uri>
    </library>
    <library logical="Mechanical">
      <uri>C:\Program Files\KiCad\7.0\share\kicad\symbols\/Mechanical.kicad_sym</uri>
    </library>
    <library logical="Regulator_Linear">
      <uri>C:\Program Files\KiCad\7.0\share\kicad\symbols\/Regulator_Linear.kicad_sym</uri>
    </library>
    <library logical="STM_MCU">
      <uri>C:\Users\justi\Documents\Hardware Projects\stm32mc/STM_MCU.kicad_sym</uri>
    </library>
    <library logical="Switch">
      <uri>C:\Program Files\KiCad\7.0\share\kicad\symbols\/Switch.kicad_sym</uri>
    </library>
  </libraries>
  <nets>
    <net code="1" name="+3.3V">
      <node ref="C10" pin="1" pintype="passive"/>
      <node ref="C11" pin="1" pintype="passive"/>
      <node ref="C12" pin="1" pintype="passive"/>
      <node ref="C2" pin="1" pintype="passive"/>
      <node ref="C3" pin="1" pintype="passive"/>
      <node ref="C4" pin="1" pintype="passive"/>
      <node ref="C5" pin="1" pintype="passive"/>
      <node ref="C6" pin="1" pintype="passive"/>
      <node ref="C7" pin="1" pintype="passive"/>
      <node ref="C8" pin="1" pintype="passive"/>
      <node ref="C9" pin="1" pintype="passive"/>
      <node ref="J3" pin="4" pinfunction="Pin_4" pintype="passive"/>
      <node ref="R4" pin="2" pintype="passive"/>
      <node ref="R7" pin="1" pintype="passive"/>
      <node ref="SW1" pin="2" pinfunction="2" pintype="passive"/>
      <node ref="U2" pin="5" pinfunction="VOUT" pintype="power_out"/>
      <node ref="U3" pin="1" pinfunction="VBAT" pintype="power_in"/>
      <node ref="U3" pin="20" pinfunction="VDD" pintype="power_in"/>
      <node ref="U3" pin="23" pinfunction="VDDRF" pintype="power_in"/>
      <node ref="U3" pin="34" pinfunction="VDDSMPS" pintype="power_in"/>
      <node ref="U3" pin="35" pinfunction="VDD" pintype="power_in"/>
      <node ref="U3" pin="40" pinfunction="VDDUSB" pintype="power_in"/>
      <node ref="U3" pin="48" pinfunction="VDD" pintype="power_in"/>
      <node ref="U3" pin="8" pinfunction="VDDA" pintype="power_in"/>
    </net>
    <net code="2" name="+5V">
      <node ref="C1" pin="1" pintype="passive"/>
      <node ref="J1" pin="A4" pinfunction="VBUS" pintype="passive"/>
      <node ref="J1" pin="A9" pinfunction="VBUS" pintype="passive"/>
      <node ref="J1" pin="B4" pinfunction="VBUS" pintype="passive"/>
      <node ref="J1" pin="B9" pinfunction="VBUS" pintype="passive"/>
      <node ref="U1" pin="5" pinfunction="VBUS" pintype="passive"/>
      <node ref="U2" pin="1" pinfunction="VIN" pintype="power_in"/>
      <node ref="U2" pin="3" pinfunction="EN" pintype="input"/>
    </net>
    <net code="3" name="/BOOT0">
      <node ref="C19" pin="1" pintype="passive"/>
      <node ref="R8" pin="1" pintype="passive"/>
      <node ref="R9" pin="1" pintype="passive"/>
      <node ref="U3" pin="4" pinfunction="PH3" pintype="bidirectional"/>
    </net>
    <net code="4" name="/BSW">
      <node ref="R9" pin="2" pintype="passive"/>
      <node ref="SW1" pin="1" pinfunction="1" pintype="passive"/>
    </net>
    <net code="5" name="/HSE_IN">
      <node ref="U3" pin="25" pinfunction="OSC_IN" pintype="input"/>
      <node ref="X2" pin="3" pinfunction="3" pintype="passive"/>
    </net>
    <net code="6" name="/HSE_OUT">
      <node ref="U3" pin="24" pinfunction="OSC_OUT" pintype="input"/>
      <node ref="X2" pin="1" pinfunction="1" pintype="passive"/>
    </net>
    <net code="7" name="/I2C_SCL">
      <node ref="R7" pin="2" pintype="passive"/>
      <node ref="U3" pin="18" pinfunction="PA9" pintype="bidirectional"/>
    </net>
    <net code="9" name="/I2C_SDA">
      <node ref="J4" pin="3" pinfunction="Pin_3" pintype="passive"/>
      <node ref="R4" pin="1" pintype="passive"/>
      <node ref="U3" pin="17" pinfunction="PA8" pintype="bidirectional"/>
    </net>
    <net code="10" name="/LED_A">
      <node ref="D1" pin="2" pinfunction="A" pintype="passive"/>
      <node ref="U3" pin="16" pinfunction="PA7" pintype="bidirectional"/>
    </net>
    <net code="11" name="/LED_C">
      <node ref="D1" pin="1" pinfunction="K" pintype="passive"/>
      <node ref="R3" pin="2" pintype="passive"/>
    </net>
    <net code="12" name="/LSE_IN">
      <node ref="C18" pin="1" pintype="passive"/>
      <node ref="U3" pin="2" pinfunction="PC14" pintype="bidirectional"/>
      <node ref="X1" pin="2" pinfunction="2" pintype="passive"/>
    </net>
    <net code="13" name="/LSE_OUT">
      <node ref="C17" pin="1" pintype="passive"/>
      <node ref="U3" pin="3" pinfunction="PC15" pintype="bidirectional"/>
      <node ref="X1" pin="1" pinfunction="1" pintype="passive"/>
    </net>
    <net code="14" name="/RF">
      <node ref="C15" pin="1" pintype="passive"/>
      <node ref="L3" pin="1" pinfunction="1" pintype="passive"/>
      <node ref="U3" pin="21" pinfunction="RF1" pintype="bidirectional"/>
    </net>
    <net code="15" name="/RF_ANT">
      <node ref="FLT1" pin="3" pinfunction="OUT" pintype="passive"/>
      <node ref="J5" pin="1" pinfunction="In" pintype="passive"/>
    </net>
    <net code="16" name="/RF_MATCH">
      <node ref="C16" pin="1" pintype="passive"/>
      <node ref="FLT1" pin="1" pinfunction="IN" pintype="passive"/>
      <node ref="L3" pin="2" pinfunction="2" pintype="passive"/>
    </net>
    <net code="17" name="/SMPS_FB">
      <node ref="C14" pin="1" pintype="passive"/>
      <node ref="L2" pin="2" pinfunction="2" pintype="passive"/>
      <node ref="U3" pin="31" pinfunction="VFBSMPS" pintype="input"/>
    </net>
    <net code="18" name="/SMPS_LX">
      <node ref="L1" pin="1" pinfunction="1" pintype="passive"/>
      <node ref="U3" pin="33" pinfunction="VLXSMPS" pintype="power_in"/>
    </net>
    <net code="19" name="/SMPS_LXL">
      <node ref="L1" pin="2" pinfunction="2" pintype="passive"/>
      <node ref="L2" pin="1" pinfunction="1" pintype="passive"/>
    </net>
    <net code="20" name="/SWD_CLK">
      <node ref="U3" pin="41" pinfunction="PA14" pintype="bidirectional"/>
    </net>
    <net code="21" name="/SWD_DIO">
      <node ref="U3" pin="39" pinfunction="PA13" pintype="bidirectional"/>
    </net>
    <net code="22" name="/SWD_NRST">
      <node ref="C13" pin="1" pintype="passive"/>
      <node ref="U3" pin="7" pinfunction="NRST" pintype="input"/>
    </net>
    <net code="23" name="/SWD_TRC">
      <node ref="U3" pin="43" pinfunction="PB3" pintype="bidirectional"/>
    </net>
    <net code="24" name="/UART_RX">
      <node ref="R6" pin="2" pintype="passive"/>
      <node ref="U3" pin="12" pinfunction="PA3" pintype="bidirectional"/>
    </net>
    <net code="25" name="/UART_RXC">
      <node ref="J3" pin="3" pinfunction="Pin_3" pintype="passive"/>
      <node ref="R6" pin="1" pintype="passive"/>
    </net>
    <net code="26" name="/UART_TX">
      <node ref="R5" pin="2" pintype="passive"/>
      <node ref="U3" pin="11" pinfunction="PA2" pintype="bidirectional"/>
    </net>
    <net code="27" name="/UART_TXC">
      <node ref="J3" pin="2" pinfunction="Pin_2" pintype="passive"/>
      <node ref="R5" pin="1" pintype="passive"/>
    </net>
    <net code="28" name="/USBC_CC1">
      <node ref="J1" pin="A5" pinfunction="CC1" pintype="bidirectional"/>
      <node ref="R2" pin="1" pintype="passive"/>
    </net>
    <net code="29" name="/USBC_CC2">
      <node ref="J1" pin="B5" pinfunction="CC2" pintype="bidirectional"/>
      <node ref="R1" pin="1" pintype="passive"/>
    </net>
    <net code="30" name="/USBC_D+">
      <node ref="J1" pin="A6" pinfunction="D+" pintype="bidirectional"/>
      <node ref="J1" pin="B6" pinfunction="D+" pintype="bidirectional"/>
      <node ref="U1" pin="3" pinfunction="I/O2" pintype="passive"/>
    </net>
    <net code="31" name="/USBC_D-">
      <node ref="J1" pin="A7" pinfunction="D-" pintype="bidirectional"/>
      <node ref="J1" pin="B7" pinfunction="D-" pintype="bidirectional"/>
      <node ref="U1" pin="1" pinfunction="I/O1" pintype="passive"/>
    </net>
    <net code="32" name="/USB_D+">
      <node ref="U1" pin="4" pinfunction="I/O2" pintype="passive"/>
      <node ref="U3" pin="38" pinfunction="PA12" pintype="bidirectional"/>
    </net>
    <net code="33" name="/USB_D-">
      <node ref="U1" pin="6" pinfunction="I/O1" pintype="passive"/>
      <node ref="U3" pin="37" pinfunction="PA11" pintype="bidirectional"/>
    </net>
    <net code="34" name="GND">
      <node ref="C1" pin="2" pintype="passive"/>
      <node ref="C10" pin="2" pintype="passive"/>
      <node ref="C11" pin="2" pintype="passive"/>
      <node ref="C12" pin="2" pintype="passive"/>
      <node ref="C13" pin="2" pintype="passive"/>
      <node ref="C14" pin="2" pintype="passive"/>
      <node ref="C15" pin="2" pintype="passive"/>
      <node ref="C16" pin="2" pintype="passive"/>
      <node ref="C17" pin="2" pintype="passive"/>
      <node ref="C18" pin="2" pintype="passive"/>
      <node ref="C19" pin="2" pintype="passive"/>
      <node ref="C2" pin="2" pintype="passive"/>
      <node ref="C3" pin="2" pintype="passive"/>
      <node ref="C4" pin="2" pintype="passive"/>
      <node ref="C5" pin="2" pintype="passive"/>
      <node ref="C6" pin="2" pintype="passive"/>
      <node ref="C7" pin="2" pintype="passive"/>
      <node ref="C8" pin="2" pintype="passive"/>
      <node ref="C9" pin="2" pintype="passive"/>
      <node ref="FLT1" pin="2" pinfunction="GND" pintype="passive"/>
      <node ref="FLT1" pin="4" pinfunction="GND" pintype="passive"/>
      <node ref="J1" pin="A1" pinfunction="GND" pintype="passive"/>
      <node ref="J1" pin="A12" pinfunction="GND" pintype="passive"/>
      <node ref="J1" pin="B1" pinfunction="GND" pintype="passive"/>
      <node ref="J1" pin="B12" pinfunction="GND" pintype="passive"/>
      <node ref="J1" pin="S1" pinfunction="SHIELD" pintype="passive"/>
      <node ref="J3" pin="1" pinfunction="Pin_1" pintype="passive"/>
      <node ref="J4" pin="1" pinfunction="Pin_1" pintype="passive"/>
      <node ref="J5" pin="2" pinfunction="Ext" pintype="passive"/>
      <node ref="R1" pin="2" pintype="passive"/>
      <node ref="R2" pin="2" pintype="passive"/>
      <node ref="R3" pin="1" pintype="passive"/>
      <node ref="R8" pin="2" pintype="passive"/>
      <node ref="U1" pin="2" pinfunction="GND" pintype="passive"/>
      <node ref="U2" pin="2" pinfunction="GND" pintype="power_in"/>
      <node ref="U3" pin="22" pinfunction="VSSRF" pintype="power_in"/>
      <node ref="U3" pin="32" pinfunction="VSSSMPS" pintype="power_in"/>
      <node ref="U3" pin="49" pinfunction="VSS" pintype="power_in"/>
      <node ref="X2" pin="2" pinfunction="2" pintype="passive"/>
      <node ref="X2" pin="4" pinfunction="4" pintype="passive"/>
    </net>
    <net code="35" name="unconnected-(J1-SBU1-PadA8)">
      <node ref="J1" pin="A8" pinfunction="SBU1" pintype="bidirectional+no_connect"/>
    </net>
    <net code="36" name="unconnected-(J1-SBU2-PadB8)">
      <node ref="J1" pin="B8" pinfunction="SBU2" pintype="bidirectional+no_connect"/>
    </net>
    <net code="37" name="unconnected-(J4-Pin_2-Pad2)">
      <node ref="J4" pin="2" pinfunction="Pin_2" pintype="passive"/>
    </net>
    <net code="38" name="unconnected-(J4-Pin_4-Pad4)">
      <node ref="J4" pin="4" pinfunction="Pin_4" pintype="passive"/>
    </net>
    <net code="39" name="unconnected-(U2-NC-Pad4)">
      <node ref="U2" pin="4" pinfunction="NC" pintype="no_connect"/>
    </net>
    <net code="40" name="unconnected-(U3-AT0-Pad26)">
      <node ref="U3" pin="26" pinfunction="AT0" pintype="no_connect"/>
    </net>
    <net code="41" name="unconnected-(U3-AT1-Pad27)">
      <node ref="U3" pin="27" pinfunction="AT1" pintype="no_connect"/>
    </net>
    <net code="42" name="unconnected-(U3-PA0-Pad9)">
      <node ref="U3" pin="9" pinfunction="PA0" pintype="bidirectional+no_connect"/>
    </net>
    <net code="43" name="unconnected-(U3-PA1-Pad10)">
      <node ref="U3" pin="10" pinfunction="PA1" pintype="bidirectional+no_connect"/>
    </net>
    <net code="44" name="unconnected-(U3-PA4-Pad13)">
      <node ref="U3" pin="13" pinfunction="PA4" pintype="bidirectional+no_connect"/>
    </net>
    <net code="45" name="unconnected-(U3-PA5-Pad14)">
      <node ref="U3" pin="14" pinfunction="PA5" pintype="bidirectional+no_connect"/>
    </net>
    <net code="46" name="unconnected-(U3-PA6-Pad15)">
      <node ref="U3" pin="15" pinfunction="PA6" pintype="bidirectional+no_connect"/>
    </net>
    <net code="47" name="unconnected-(U3-PA10-Pad36)">
      <node ref="U3" pin="36" pinfunction="PA10" pintype="bidirectional+no_connect"/>
    </net>
    <net code="48" name="unconnected-(U3-PA15-Pad42)">
      <node ref="U3" pin="42" pinfunction="PA15" pintype="bidirectional+no_connect"/>
    </net>
    <net code="49" name="unconnected-(U3-PB0-Pad28)">
      <node ref="U3" pin="28" pinfunction="PB0" pintype="bidirectional+no_connect"/>
    </net>
    <net code="50" name="unconnected-(U3-PB1-Pad29)">
      <node ref="U3" pin="29" pinfunction="PB1" pintype="bidirectional+no_connect"/>
    </net>
    <net code="51" name="unconnected-(U3-PB2-Pad19)">
      <node ref="U3" pin="19" pinfunction="PB2" pintype="bidirectional+no_connect"/>
    </net>
    <net code="52" name="unconnected-(U3-PB4-Pad44)">
      <node ref="U3" pin="44" pinfunction="PB4" pintype="bidirectional+no_connect"/>
    </net>
    <net code="53" name="unconnected-(U3-PB5-Pad45)">
      <node ref="U3" pin="45" pinfunction="PB5" pintype="bidirectional+no_connect"/>
    </net>
    <net code="54" name="unconnected-(U3-PB6-Pad46)">
      <node ref="U3" pin="46" pinfunction="PB6" pintype="bidirectional+no_connect"/>
    </net>
    <net code="55" name="unconnected-(U3-PB7-Pad47)">
      <node ref="U3" pin="47" pinfunction="PB7" pintype="bidirectional+no_connect"/>
    </net>
    <net code="56" name="unconnected-(U3-PB8-Pad5)">
      <node ref="U3" pin="5" pinfunction="PB8" pintype="bidirectional+no_connect"/>
    </net>
    <net code="57" name="unconnected-(U3-PB9-Pad6)">
      <node ref="U3" pin="6" pinfunction="PB9" pintype="bidirectional+no_connect"/>
    </net>
    <net code="58" name="unconnected-(U3-PE4-Pad30)">
      <node ref="U3" pin="30" pinfunction="PE4" pintype="bidirectional+no_connect"/>
    </net>
  </nets>
</export>
